[
{
  "name":"[Lcom.sun.management.internal.DiagnosticCommandArgumentInfo;"
},
{
  "name":"[Lcom.sun.management.internal.DiagnosticCommandInfo;"
},
{
  "name":"com.sun.management.internal.DiagnosticCommandArgumentInfo",
  "methods":[{"name":"<init>","parameterTypes":["java.lang.String","java.lang.String","java.lang.String","java.lang.String","boolean","boolean","boolean","int"] }]
},
{
  "name":"com.sun.management.internal.DiagnosticCommandInfo",
  "methods":[{"name":"<init>","parameterTypes":["java.lang.String","java.lang.String","java.lang.String","java.lang.String","java.lang.String","java.lang.String","boolean","java.util.List"] }]
},
{
  "name":"java.lang.Boolean",
  "methods":[{"name":"getBoolean","parameterTypes":["java.lang.String"] }]
},
{
  "name":"java.util.Arrays",
  "methods":[{"name":"asList","parameterTypes":["java.lang.Object[]"] }]
},
{
  "name":"sun.management.VMManagementImpl",
  "fields":[
    {"name":"compTimeMonitoringSupport"}, 
    {"name":"currentThreadCpuTimeSupport"}, 
    {"name":"objectMonitorUsageSupport"}, 
    {"name":"otherThreadCpuTimeSupport"}, 
    {"name":"remoteDiagnosticCommandsSupport"}, 
    {"name":"synchronizerUsageSupport"}, 
    {"name":"threadAllocatedMemorySupport"}, 
    {"name":"threadContentionMonitoringSupport"}
  ]
}
]
