{
  "resources":{
  "includes":[
    {
      "pattern":"\\QMETA-INF/micronaut/io.micronaut.core.beans.BeanIntrospectionReference\\E"
    }, 
    {
      "pattern":"\\QMETA-INF/micronaut/io.micronaut.inject.BeanConfiguration\\E"
    }, 
    {
      "pattern":"\\QMETA-INF/micronaut/io.micronaut.inject.BeanDefinitionReference\\E"
    }, 
    {
      "pattern":"\\QMETA-INF/services/io.micronaut.context.env.PropertySourceLoader\\E"
    }, 
    {
      "pattern":"\\QMETA-INF/services/io.micronaut.core.convert.TypeConverterRegistrar\\E"
    }, 
    {
      "pattern":"\\QMETA-INF/services/io.micronaut.core.type.TypeInformationProvider\\E"
    }, 
    {
      "pattern":"\\QMETA-INF/services/io.micronaut.http.HttpResponseFactory\\E"
    }, 
    {
      "pattern":"\\QMETA-INF/services/java.nio.file.spi.FileSystemProvider\\E"
    }, 
    {
      "pattern":"\\Qapplication.yml\\E"
    }, 
    {
      "pattern":"\\Qlogback.xml\\E"
    }, 
    {
      "pattern":"\\Qmicronaut-version.properties\\E"
    }, 
    {
      "pattern":"\\Qorg/slf4j/impl/StaticLoggerBinder.class\\E"
    }
  ]},
  "bundles":[]
}
