{"properties": [
  {
    "name": "applicationconfig.testLaunch",
    "type": "java.lang.Boolean",
    "description": "A description for 'applicationconfig.testLaunch'"
  },
  {
    "name": "applicationconfig.useTestnet",
    "type": "java.lang.Boolean",
    "description": "A description for 'applicationconfig.use-testnet'"
  },
  {
    "name": "applicationconfig.useTestnetStreaming",
    "type": "java.lang.Boolean",
    "description": "A description for 'applicationconfig.useTestnetStreaming'"
  },
  {
    "name": "applicationconfig.apiKey",
    "type": "java.lang.String",
    "description": "A description for 'applicationconfig.apiKey'"
  },
  {
    "name": "applicationconfig.secret",
    "type": "java.lang.String",
    "description": "A description for 'applicationconfig.secret'"
  },
  {
    "name": "strategy.monitoring.cancelExpiredOrders.initialDelay",
    "type": "java.lang.String",
    "description": "A description for 'strategy.monitoring.cancel-expired-orders.initial-delay'"
  },
  {
    "name": "strategy.monitoring.cancelExpiredOrders.fixedDelay",
    "type": "java.lang.String",
    "description": "A description for 'strategy.monitoring.cancel-expired-orders.fixedDelay'"
  },
  {
    "name": "strategy.global.initializeUserDataUpdateStream.initialDelay",
    "type": "java.lang.String",
    "description": "A description for 'strategy.global.initializeUserDataUpdateStream.initial-delay'"
  },
  {
    "name": "strategy.global.initializeUserDataUpdateStream.fixedDelay",
    "type": "java.lang.String",
    "description": "A description for 'strategy.global.initialize-alive-user-data-update-stream.fixedDelay'"
  },
  {
    "name": "strategy.global.keepAliveUserDataUpdateStream.initialDelay",
    "type": "java.lang.String",
    "description": "A description for 'strategy.global.keepAliveUserDataUpdateStream.initial-delay'"
  },
  {
    "name": "strategy.global.keepAliveUserDataUpdateStream.fixedDelay",
    "type": "java.lang.String",
    "description": "A description for 'strategy.global.keepAliveUserDataUpdateStream.fixedDelay'"
  },
  {
    "name": "strategy.global.rocketFactor",
    "type": "java.lang.Double",
    "description": "A description for 'strategy.global.rocketFactor'"
  },
  {
    "name": "strategy.buy-fast-growth.collect-pairs-to-buy.initial-delay",
    "type": "java.lang.String",
    "description": "A description for 'strategy.buy-fast-growth.collect-pairs-to-buy.initial-delay'"
  },
  {
    "name": "strategy.buy-fast-growth.collect-pairs-to-buy.fixedDelay",
    "type": "java.lang.String",
    "description": "A description for 'strategy.buy-fast-growth.collect-pairs-to-buy.fixedDelay'"
  },
  {
    "name": "strategy.buyBigVolumeGrowth.fill-cheap-pairs.initial-delay",
    "type": "java.lang.String",
    "description": "A description for 'strategy.buyBigVolumeGrowth.fill-cheap-pairs.initial-delay'"
  },
  {
    "name": "strategy.buyBigVolumeGrowth.checkOpenedPositions.fixed-delay",
    "type": "java.lang.String",
    "description": "A description for 'strategy.buyBigVolumeGrowth.checkOpenedPositions.fixed-delay'"
  },
  {
    "name": "strategy.buyBigVolumeGrowth.checkOpenedPositions.initialDelay",
    "type": "java.lang.String",
    "description": "A description for 'strategy.buyBigVolumeGrowth.checkOpenedPositions.initialDelay'"
  },
  {
    "name": "strategy.buy-fast-growth.buyCollectedPairs.fixed-delay",
    "type": "java.lang.String",
    "description": "A description for 'strategy.buy-fast-growth.buyCollectedPairs.fixed-delay'"
  },
  {
    "name": "strategy.buy-fast-growth.buyCollectedPairs.initialDelay",
    "type": "java.lang.String",
    "description": "A description for 'strategy.buy-fast-growth.buyCollectedPairs.initialDelay'"
  },
  {
    "name": "strategy.buy-fast-growth.closeOpenedPositions.fixed-delay",
    "type": "java.lang.String",
    "description": "A description for 'strategy.buy-fast-growth.closeOpenedPositions.fixed-delay'"
  },
  {
    "name": "strategy.buy-fast-growth.closeOpenedPositions.initialDelay",
    "type": "java.lang.String",
    "description": "A description for 'strategy.buy-fast-growth.closeOpenedPositions.initialDelay'"
  },
  {
    "name": "strategy.buyBigVolumeGrowth.fill-cheap-pairs.fixedDelay",
    "type": "java.lang.String",
    "description": "A description for 'strategy.buyBigVolumeGrowth.fill-cheap-pairs.fixedDelay'"
  },
  {
    "name": "strategy.buyBigVolumeGrowth.buySelectedGrownAssets.fixed-delay",
    "type": "java.lang.String",
    "description": "A description for 'strategy.buyBigVolumeGrowth.buySelectedGrownAssets.fixed-delay'"
  },
  {
    "name": "strategy.buyBigVolumeGrowth.buySelectedGrownAssets.initialDelay",
    "type": "java.lang.String",
    "description": "A description for 'strategy.buyBigVolumeGrowth.buySelectedGrownAssets.initialDelay'"
  },
  {
    "name": "strategy.buyBigVolumeGrowth.maximalPairPrice",
    "type": "java.lang.Integer",
    "description": "A description for 'strategy.buyBigVolumeGrowth.maximalPairPrice'"
  },
  {
    "name": "strategy.buyBigVolumeGrowth.minimalAssetBalance",
    "type": "java.lang.Integer",
    "description": "A description for 'strategy.buyBigVolumeGrowth.minimalAssetBalance'"
  },
  {
    "name": "strategy.buyBigVolumeGrowth.baseOrderVolume",
    "type": "java.lang.Integer",
    "description": "A description for 'strategy.buyBigVolumeGrowth.baseOrderVolume'"
  },
  {
    "name": "strategy.buyBigVolumeGrowth.volumeGrowthFactor",
    "type": "java.lang.Integer",
    "description": "A description for 'strategy.buyBigVolumeGrowth.volumeGrowthFactor'"
  },
  {
    "name": "strategy.buyBigVolumeGrowth.priceGrowthFactor",
    "type": "java.lang.Double",
    "description": "A description for 'strategy.buyBigVolumeGrowth.priceGrowthFactor'"
  },
  {
    "name": "strategy.buyBigVolumeGrowth.priceDecreaseFactor",
    "type": "java.lang.Double",
    "description": "A description for 'strategy.buyBigVolumeGrowth.priceDecreaseFactor'"
  },
  {
    "name": "strategy.buyBigVolumeGrowth.matchTrend",
    "type": "java.lang.Boolean",
    "description": "A description for 'strategy.buyBigVolumeGrowth.matchTrend'"
  }
]}